<T3DataStructure>
        <meta>
                <langDisable>1</langDisable>
        </meta>
        <sheets>
                <sDEF>
					<ROOT>
						<TCEforms>
								<sheetTitle>LLL:EXT:sdb_adminer/Resources/Private/Language/locallang.xlf:tx_sdbadminer.flexformEdit.sheet.1</sheetTitle>
								<sheetDescription>LLL:EXT:sdb_adminer/Resources/Private/Language/locallang.xlf:tx_sdbadminer.flexformEdit.sheet_description.1</sheetDescription>
								<sheetShortDescr>LLL:EXT:sdb_adminer/Resources/Private/Language/locallang.xlf:tx_sdbadminer.flexformEdit.sheet_shortdescription.1</sheetShortDescr>
						</TCEforms>
						<type>array</type>
						<el>
							<settings.dbname>
								<TCEforms>
										<label>LLL:EXT:sdb_adminer/Resources/Private/Language/locallang.xlf:tx_sdbadminer.flexform.dbname</label>
										<onChange>reload</onChange>
										<config>
												<type>select</type>
												<itemsProcFunc>tx_sdbadminer_addFieldsToFlexForm->addOptions_dbnames</itemsProcFunc>
										</config>
								</TCEforms>
							</settings.dbname>
							<settings.formtype>
								<TCEforms>
										<label>LLL:EXT:sdb_adminer/Resources/Private/Language/locallang.xlf:tx_sdbadminer.flexformEdit.formtype</label>
										<onChange>reload</onChange>
										<config>
												<type>select</type>
												<default>1</default>
												<items type="array">
														<numIndex index="0" type="array">
																<numIndex index="0">LLL:EXT:sdb_adminer/Resources/Private/Language/locallang.xlf:tx_sdbadminer.flexformEdit.formtype.sel.0</numIndex>
																<numIndex index="1">0</numIndex>
														</numIndex>
														<numIndex index="1" type="array">
																<numIndex index="0">LLL:EXT:sdb_adminer/Resources/Private/Language/locallang.xlf:tx_sdbadminer.flexformEdit.formtype.sel.1</numIndex>
																<numIndex index="1">1</numIndex>
														</numIndex>
														<numIndex index="2" type="array">
																<numIndex index="0">LLL:EXT:sdb_adminer/Resources/Private/Language/locallang.xlf:tx_sdbadminer.flexformEdit.formtype.sel.2</numIndex>
																<numIndex index="1">2</numIndex>
														</numIndex>
												</items>
										</config>
								</TCEforms>
							</settings.formtype>
							<settings.tablename>
								<TCEforms>
										<label>LLL:EXT:sdb_adminer/Resources/Private/Language/locallang.xlf:tx_sdbadminer.flexformEdit.tablename</label>
										<displayCond>FIELD:settings.formtype:REQ:true</displayCond>
										<onChange>reload</onChange>
										<config>
												<type>select</type>
												<items type="array">
														<numIndex index="0" type="array">
																<numIndex index="0">LLL:EXT:sdb_adminer/Resources/Private/Language/locallang.xlf:tx_sdbadminer.flexform.tablename.sel_0</numIndex>
																<numIndex index="1"></numIndex>
														</numIndex>
												</items>
												<itemsProcFunc>tx_sdbadminer_addFieldsToFlexForm->addOptions_tablenames_only</itemsProcFunc>
												<eval>required</eval>
										</config>
								</TCEforms>
							</settings.tablename>
							<settings.ownkey>
								<TCEforms>
										<label>LLL:EXT:sdb_adminer/Resources/Private/Language/locallang.xlf:tx_sdbadminer.flexform.ownkey</label>
										<displayCond>
											<AND>
												<numIndex index="0">FIELD:settings.tablename:REQ:true</numIndex>
												<numIndex index="1">FIELD:settings.formtype:=:2</numIndex>
											</AND>
										</displayCond>
										<config>
												<type>select</type>
												<itemsProcFunc>tx_sdbadminer_addFieldsToFlexForm->addOptions_fieldnames_include_primary</itemsProcFunc>
										</config>
								</TCEforms>
							</settings.ownkey>
							<settings.foreignkey>
								<TCEforms>
										<label>LLL:EXT:sdb_adminer/Resources/Private/Language/locallang.xlf:tx_sdbadminer.flexform.foreignkey</label>
										<displayCond>
											<AND>
												<numIndex index="0">FIELD:settings.formtype:REQ:true</numIndex>
												<numIndex index="1">FIELD:settings.tablename:REQ:true</numIndex>
											</AND>
										</displayCond>
										<config>
												<type>input</type>
												<size>10</size>
												<eval>required</eval>
										</config>
								</TCEforms>
							</settings.foreignkey>
							<settings.keytooppositetable>
								<TCEforms>
										<label>LLL:EXT:sdb_adminer/Resources/Private/Language/locallang.xlf:tx_sdbadminer.flexformEdit.keytooppositetable</label>
										<displayCond>
											<AND>
												<numIndex index="0">FIELD:settings.tablename:REQ:true</numIndex>
												<numIndex index="1">FIELD:settings.formtype:=:2</numIndex>
											</AND>
										</displayCond>
										<config>
												<type>select</type>
												<itemsProcFunc>tx_sdbadminer_addFieldsToFlexForm->addOptions_fieldnames_include_primary</itemsProcFunc>
										</config>
								</TCEforms>
							</settings.keytooppositetable>
							<settings.oppositetable>
								<TCEforms>
										<label>LLL:EXT:sdb_adminer/Resources/Private/Language/locallang.xlf:tx_sdbadminer.flexformEdit.oppositetable</label>
										<displayCond>
											<AND>
												<numIndex index="0">FIELD:settings.tablename:REQ:true</numIndex>
												<numIndex index="1">FIELD:settings.formtype:=:2</numIndex>
											</AND>
										</displayCond>
										<onChange>reload</onChange>
										<config>
												<type>select</type>
												<items type="array">
														<numIndex index="0" type="array">
																<numIndex index="0">...</numIndex>
																<numIndex index="1">0</numIndex>
														</numIndex>
												</items>
												<itemsProcFunc>tx_sdbadminer_addFieldsToFlexForm->addOptions_tablenames_viewnames</itemsProcFunc>
										</config>
								</TCEforms>
							</settings.oppositetable>
							<settings.oppositefield>
								<TCEforms>
										<label>LLL:EXT:sdb_adminer/Resources/Private/Language/locallang.xlf:tx_sdbadminer.flexformEdit.oppositefield</label>
										<displayCond>
											<AND>
												<numIndex index="0">FIELD:settings.formtype:=:2</numIndex>
												<numIndex index="1">FIELD:settings.oppositetable:REQ:true</numIndex>
												<numIndex index="3">FIELD:settings.tablename:REQ:true</numIndex>
											</AND>
										</displayCond>
										<config>
												<type>select</type>
												<itemsProcFunc>tx_sdbadminer_addFieldsToFlexForm->addOptions_opposite_fieldnames</itemsProcFunc>
										</config>
								</TCEforms>
							</settings.oppositefield>
							<settings.oppositelabel>
								<TCEforms>
										<label>LLL:EXT:sdb_adminer/Resources/Private/Language/locallang.xlf:tx_sdbadminer.flexformEdit.oppositelabel</label>
										<displayCond>
											<AND>
												<numIndex index="0">FIELD:settings.formtype:=:2</numIndex>
												<numIndex index="1">FIELD:settings.oppositetable:REQ:true</numIndex>
												<numIndex index="3">FIELD:settings.tablename:REQ:true</numIndex>
											</AND>
										</displayCond>
										<config>
												<type>select</type>
												<itemsProcFunc>tx_sdbadminer_addFieldsToFlexForm->addOptions_opposite_fieldnames</itemsProcFunc>
										</config>
								</TCEforms>
							</settings.oppositelabel>
							<settings.orientation>
								<TCEforms>
										<label>LLL:EXT:sdb_adminer/Resources/Private/Language/locallang.xlf:tx_sdbadminer.flexformEdit.orientation</label>
										<displayCond>
											<AND>
												<numIndex index="0">FIELD:settings.formtype:=:2</numIndex>
												<numIndex index="1">FIELD:settings.oppositetable:REQ:true</numIndex>
												<numIndex index="3">FIELD:settings.tablename:REQ:true</numIndex>
											</AND>
										</displayCond>
										<config>
												<type>select</type>
												<items type="array">
														<numIndex index="0" type="array">
																<numIndex index="0">LLL:EXT:sdb_adminer/Resources/Private/Language/locallang.xlf:tx_sdbadminer.flexformEdit.orientation.sel.0</numIndex>
																<numIndex index="1">0</numIndex>
														</numIndex>
														<numIndex index="1" type="array">
																<numIndex index="0">LLL:EXT:sdb_adminer/Resources/Private/Language/locallang.xlf:tx_sdbadminer.flexformEdit.orientation.sel.1</numIndex>
																<numIndex index="1">1</numIndex>
														</numIndex>
												</items>
										</config>
								</TCEforms>
							</settings.orientation>
							<settings.maxsize>
								<TCEforms>
										<label>LLL:EXT:sdb_adminer/Resources/Private/Language/locallang.xlf:tx_sdbadminer.flexformEdit.maxsize</label>
										<displayCond>
											<AND>
												<numIndex index="0">FIELD:settings.formtype:=:2</numIndex>
												<numIndex index="1">FIELD:settings.oppositetable:REQ:true</numIndex>
												<numIndex index="3">FIELD:settings.tablename:REQ:true</numIndex>
											</AND>
										</displayCond>
										<config>
												<type>input</type>
												<size>1</size>
												<default>0</default>
										</config>
								</TCEforms>
							</settings.maxsize>
							<settings.editfields>
								<TCEforms>
										<label>LLL:EXT:sdb_adminer/Resources/Private/Language/locallang.xlf:tx_sdbadminer.flexformEdit.editfields</label>
										<displayCond>
											<AND>
												<numIndex index="0">FIELD:settings.formtype:=:1</numIndex>
												<numIndex index="1">FIELD:settings.tablename:REQ:true</numIndex>
											</AND>
										</displayCond>
										<config>
												<type>select</type>
												<renderType>selectMultipleSideBySide</renderType>
												<itemsProcFunc>tx_sdbadminer_addFieldsToFlexForm->addOptions_fieldnames_separe_primary</itemsProcFunc>
										</config>
								</TCEforms>
							</settings.editfields>
							<settings.fieldtype.1>
								<TCEforms>
										<label>LLL:EXT:sdb_adminer/Resources/Private/Language/locallang.xlf:tx_sdbadminer.flexformEdit.fieldtype.titel.1</label>
										<onChange>reload</onChange>
										<displayCond>
											<AND>
												<numIndex index="0">FIELD:settings.formtype:=:1</numIndex>
												<numIndex index="1">FIELD:settings.tablename:REQ:true</numIndex>
											</AND>
										</displayCond>
										<config>
												<type>select</type>
												<items type="array">
														<numIndex index="0" type="array">
																<numIndex index="0">LLL:EXT:sdb_adminer/Resources/Private/Language/locallang.xlf:tx_sdbadminer.flexformEdit.fieldtype.sel.0</numIndex>
																<numIndex index="1">0</numIndex>
														</numIndex>
														<numIndex index="1" type="array">
																<numIndex index="0">LLL:EXT:sdb_adminer/Resources/Private/Language/locallang.xlf:tx_sdbadminer.flexformEdit.fieldtype.sel.1</numIndex>
																<numIndex index="1">1</numIndex>
														</numIndex>
														<numIndex index="2" type="array">
																<numIndex index="0">LLL:EXT:sdb_adminer/Resources/Private/Language/locallang.xlf:tx_sdbadminer.flexformEdit.fieldtype.sel.2</numIndex>
																<numIndex index="1">2</numIndex>
														</numIndex>
														<numIndex index="3" type="array">
																<numIndex index="0">LLL:EXT:sdb_adminer/Resources/Private/Language/locallang.xlf:tx_sdbadminer.flexformEdit.fieldtype.sel.3</numIndex>
																<numIndex index="1">3</numIndex>
														</numIndex>
														<numIndex index="4" type="array">
																<numIndex index="0">LLL:EXT:sdb_adminer/Resources/Private/Language/locallang.xlf:tx_sdbadminer.flexformEdit.fieldtype.sel.4</numIndex>
																<numIndex index="1">4</numIndex>
														</numIndex>
														<numIndex index="5" type="array">
																<numIndex index="0">LLL:EXT:sdb_adminer/Resources/Private/Language/locallang.xlf:tx_sdbadminer.flexformEdit.fieldtype.sel.5</numIndex>
																<numIndex index="1">5</numIndex>
														</numIndex>
														<numIndex index="6" type="array">
																<numIndex index="0">LLL:EXT:sdb_adminer/Resources/Private/Language/locallang.xlf:tx_sdbadminer.flexformEdit.fieldtype.sel.6</numIndex>
																<numIndex index="1">6</numIndex>
														</numIndex>
														<numIndex index="7" type="array">
																<numIndex index="0">LLL:EXT:sdb_adminer/Resources/Private/Language/locallang.xlf:tx_sdbadminer.flexformEdit.fieldtype.sel.7</numIndex>
																<numIndex index="1">7</numIndex>
														</numIndex>
												</items>
										</config>
								</TCEforms>
							</settings.fieldtype.1>
							<settings.selector.1>
								<TCEforms>
										<label>LLL:EXT:sdb_adminer/Resources/Private/Language/locallang.xlf:tx_sdbadminer.flexformEdit.fieldname.1</label>
										<displayCond>
											<AND>
												<numIndex index="0">FIELD:settings.formtype:=:1</numIndex>
												<numIndex index="1">FIELD:settings.tablename:REQ:true</numIndex>
												<numIndex index="2">FIELD:settings.fieldtype.1:REQ:true</numIndex>
											</AND>
										</displayCond>
										<config>
												<type>select</type>
												<itemsProcFunc>tx_sdbadminer_addFieldsToFlexForm->addOptions_fieldnames_choosen</itemsProcFunc>
										</config>
								</TCEforms>
							</settings.selector.1>
							<settings.options.1>
								<TCEforms>
										<label>LLL:EXT:sdb_adminer/Resources/Private/Language/locallang.xlf:tx_sdbadminer.flexformEdit.options.1</label>
										<displayCond>
											<AND>
												<numIndex index="0">FIELD:settings.formtype:=:1</numIndex>
												<numIndex index="1">FIELD:settings.tablename:REQ:true</numIndex>
												<numIndex index="2">FIELD:settings.fieldtype.1:REQ:true</numIndex>
												<numIndex index="3"><![CDATA[FIELD:settings.fieldtype.1:<=:4]]></numIndex>
											</AND>
										</displayCond>
										<config>
												<type>input</type>
												<size>50</size>
												<default> 0:Wahl... ; 1:Wert-1 ; 2:Wert-2</default>
										</config>
								</TCEforms>
							</settings.options.1>
							<settings.fieldtype.2>
								<TCEforms>
										<label>LLL:EXT:sdb_adminer/Resources/Private/Language/locallang.xlf:tx_sdbadminer.flexformEdit.fieldtype.titel.2</label>
										<onChange>reload</onChange>
										<displayCond>
											<AND>
												<numIndex index="0">FIELD:settings.formtype:=:1</numIndex>
												<numIndex index="1">FIELD:settings.tablename:REQ:true</numIndex>
												<numIndex index="2">FIELD:settings.fieldtype.1:REQ:true</numIndex>
											</AND>
										</displayCond>
										<config>
												<type>select</type>
												<items type="array">
														<numIndex index="0" type="array">
																<numIndex index="0">LLL:EXT:sdb_adminer/Resources/Private/Language/locallang.xlf:tx_sdbadminer.flexformEdit.fieldtype.sel.0</numIndex>
																<numIndex index="1">0</numIndex>
														</numIndex>
														<numIndex index="1" type="array">
																<numIndex index="0">LLL:EXT:sdb_adminer/Resources/Private/Language/locallang.xlf:tx_sdbadminer.flexformEdit.fieldtype.sel.1</numIndex>
																<numIndex index="1">1</numIndex>
														</numIndex>
														<numIndex index="2" type="array">
																<numIndex index="0">LLL:EXT:sdb_adminer/Resources/Private/Language/locallang.xlf:tx_sdbadminer.flexformEdit.fieldtype.sel.2</numIndex>
																<numIndex index="1">2</numIndex>
														</numIndex>
														<numIndex index="3" type="array">
																<numIndex index="0">LLL:EXT:sdb_adminer/Resources/Private/Language/locallang.xlf:tx_sdbadminer.flexformEdit.fieldtype.sel.3</numIndex>
																<numIndex index="1">3</numIndex>
														</numIndex>
														<numIndex index="4" type="array">
																<numIndex index="0">LLL:EXT:sdb_adminer/Resources/Private/Language/locallang.xlf:tx_sdbadminer.flexformEdit.fieldtype.sel.4</numIndex>
																<numIndex index="1">4</numIndex>
														</numIndex>
														<numIndex index="5" type="array">
																<numIndex index="0">LLL:EXT:sdb_adminer/Resources/Private/Language/locallang.xlf:tx_sdbadminer.flexformEdit.fieldtype.sel.5</numIndex>
																<numIndex index="1">5</numIndex>
														</numIndex>
														<numIndex index="6" type="array">
																<numIndex index="0">LLL:EXT:sdb_adminer/Resources/Private/Language/locallang.xlf:tx_sdbadminer.flexformEdit.fieldtype.sel.6</numIndex>
																<numIndex index="1">6</numIndex>
														</numIndex>
														<numIndex index="7" type="array">
																<numIndex index="0">LLL:EXT:sdb_adminer/Resources/Private/Language/locallang.xlf:tx_sdbadminer.flexformEdit.fieldtype.sel.7</numIndex>
																<numIndex index="1">7</numIndex>
														</numIndex>
												</items>
										</config>
								</TCEforms>
							</settings.fieldtype.2>
							<settings.selector.2>
								<TCEforms>
										<label>LLL:EXT:sdb_adminer/Resources/Private/Language/locallang.xlf:tx_sdbadminer.flexformEdit.fieldname.2</label>
										<displayCond>
											<AND>
												<numIndex index="0">FIELD:settings.formtype:=:1</numIndex>
												<numIndex index="1">FIELD:settings.tablename:REQ:true</numIndex>
												<numIndex index="2">FIELD:settings.fieldtype.1:REQ:true</numIndex>
												<numIndex index="3">FIELD:settings.fieldtype.2:REQ:true</numIndex>
											</AND>
										</displayCond>
										<config>
												<type>select</type>
												<itemsProcFunc>tx_sdbadminer_addFieldsToFlexForm->addOptions_fieldnames_choosen</itemsProcFunc>
										</config>
								</TCEforms>
							</settings.selector.2>
							<settings.options.2>
								<TCEforms>
										<label>LLL:EXT:sdb_adminer/Resources/Private/Language/locallang.xlf:tx_sdbadminer.flexformEdit.options.2</label>
										<displayCond>
											<AND>
												<numIndex index="0">FIELD:settings.formtype:=:1</numIndex>
												<numIndex index="1">FIELD:settings.tablename:REQ:true</numIndex>
												<numIndex index="2">FIELD:settings.fieldtype.1:REQ:true</numIndex>
												<numIndex index="4">FIELD:settings.fieldtype.2:REQ:true</numIndex>
												<numIndex index="5"><![CDATA[FIELD:settings.fieldtype.2:<=:4]]></numIndex>
											</AND>
										</displayCond>
										<config>
												<type>input</type>
												<size>50</size>
												<default> 0:Wahl... ; 1:Wert-1 ; 2:Wert-2</default>
										</config>
								</TCEforms>
							</settings.options.2>
							<settings.fieldtype.3>
								<TCEforms>
										<label>LLL:EXT:sdb_adminer/Resources/Private/Language/locallang.xlf:tx_sdbadminer.flexformEdit.fieldtype.titel.3</label>
										<onChange>reload</onChange>
										<displayCond>
											<AND>
												<numIndex index="0">FIELD:settings.formtype:=:1</numIndex>
												<numIndex index="1">FIELD:settings.tablename:REQ:true</numIndex>
												<numIndex index="2">FIELD:settings.fieldtype.1:REQ:true</numIndex>
												<numIndex index="3">FIELD:settings.fieldtype.2:REQ:true</numIndex>
											</AND>
										</displayCond>
										<config>
												<type>select</type>
												<items type="array">
														<numIndex index="0" type="array">
																<numIndex index="0">LLL:EXT:sdb_adminer/Resources/Private/Language/locallang.xlf:tx_sdbadminer.flexformEdit.fieldtype.sel.0</numIndex>
																<numIndex index="1">0</numIndex>
														</numIndex>
														<numIndex index="1" type="array">
																<numIndex index="0">LLL:EXT:sdb_adminer/Resources/Private/Language/locallang.xlf:tx_sdbadminer.flexformEdit.fieldtype.sel.1</numIndex>
																<numIndex index="1">1</numIndex>
														</numIndex>
														<numIndex index="2" type="array">
																<numIndex index="0">LLL:EXT:sdb_adminer/Resources/Private/Language/locallang.xlf:tx_sdbadminer.flexformEdit.fieldtype.sel.2</numIndex>
																<numIndex index="1">2</numIndex>
														</numIndex>
														<numIndex index="3" type="array">
																<numIndex index="0">LLL:EXT:sdb_adminer/Resources/Private/Language/locallang.xlf:tx_sdbadminer.flexformEdit.fieldtype.sel.3</numIndex>
																<numIndex index="1">3</numIndex>
														</numIndex>
														<numIndex index="4" type="array">
																<numIndex index="0">LLL:EXT:sdb_adminer/Resources/Private/Language/locallang.xlf:tx_sdbadminer.flexformEdit.fieldtype.sel.4</numIndex>
																<numIndex index="1">4</numIndex>
														</numIndex>
														<numIndex index="5" type="array">
																<numIndex index="0">LLL:EXT:sdb_adminer/Resources/Private/Language/locallang.xlf:tx_sdbadminer.flexformEdit.fieldtype.sel.5</numIndex>
																<numIndex index="1">5</numIndex>
														</numIndex>
														<numIndex index="6" type="array">
																<numIndex index="0">LLL:EXT:sdb_adminer/Resources/Private/Language/locallang.xlf:tx_sdbadminer.flexformEdit.fieldtype.sel.6</numIndex>
																<numIndex index="1">6</numIndex>
														</numIndex>
														<numIndex index="7" type="array">
																<numIndex index="0">LLL:EXT:sdb_adminer/Resources/Private/Language/locallang.xlf:tx_sdbadminer.flexformEdit.fieldtype.sel.7</numIndex>
																<numIndex index="1">7</numIndex>
														</numIndex>
												</items>
										</config>
								</TCEforms>
							</settings.fieldtype.3>
							<settings.selector.3>
								<TCEforms>
										<label>LLL:EXT:sdb_adminer/Resources/Private/Language/locallang.xlf:tx_sdbadminer.flexformEdit.fieldname.3</label>
										<displayCond>
											<AND>
												<numIndex index="0">FIELD:settings.formtype:=:1</numIndex>
												<numIndex index="1">FIELD:settings.tablename:REQ:true</numIndex>
												<numIndex index="2">FIELD:settings.fieldtype.1:REQ:true</numIndex>
												<numIndex index="3">FIELD:settings.fieldtype.2:REQ:true</numIndex>
												<numIndex index="4">FIELD:settings.fieldtype.3:REQ:true</numIndex>
											</AND>
										</displayCond>
										<config>
												<type>select</type>
												<itemsProcFunc>tx_sdbadminer_addFieldsToFlexForm->addOptions_fieldnames_choosen</itemsProcFunc>
										</config>
								</TCEforms>
							</settings.selector.3>
							<settings.options.3>
								<TCEforms>
										<label>LLL:EXT:sdb_adminer/Resources/Private/Language/locallang.xlf:tx_sdbadminer.flexformEdit.options.3</label>
										<displayCond>
											<AND>
												<numIndex index="0">FIELD:settings.formtype:=:1</numIndex>
												<numIndex index="1">FIELD:settings.tablename:REQ:true</numIndex>
												<numIndex index="2">FIELD:settings.fieldtype.1:REQ:true</numIndex>
												<numIndex index="4">FIELD:settings.fieldtype.2:REQ:true</numIndex>
												<numIndex index="6">FIELD:settings.fieldtype.3:REQ:true</numIndex>
												<numIndex index="7"><![CDATA[FIELD:settings.fieldtype.3:<=:4]]></numIndex>
											</AND>
										</displayCond>
										<config>
												<type>input</type>
												<size>50</size>
												<default> 0:Wahl... ; 1:Wert-1 ; 2:Wert-2</default>
										</config>
								</TCEforms>
							</settings.options.3>
							<settings.fieldtype.4>
								<TCEforms>
										<label>LLL:EXT:sdb_adminer/Resources/Private/Language/locallang.xlf:tx_sdbadminer.flexformEdit.fieldtype.titel.4</label>
										<onChange>reload</onChange>
										<displayCond>
											<AND>
												<numIndex index="0">FIELD:settings.formtype:=:1</numIndex>
												<numIndex index="1">FIELD:settings.tablename:REQ:true</numIndex>
												<numIndex index="2">FIELD:settings.fieldtype.1:REQ:true</numIndex>
												<numIndex index="3">FIELD:settings.fieldtype.2:REQ:true</numIndex>
												<numIndex index="4">FIELD:settings.fieldtype.3:REQ:true</numIndex>
											</AND>
										</displayCond>
										<config>
												<type>select</type>
												<items type="array">
														<numIndex index="0" type="array">
																<numIndex index="0">LLL:EXT:sdb_adminer/Resources/Private/Language/locallang.xlf:tx_sdbadminer.flexformEdit.fieldtype.sel.0</numIndex>
																<numIndex index="1">0</numIndex>
														</numIndex>
														<numIndex index="1" type="array">
																<numIndex index="0">LLL:EXT:sdb_adminer/Resources/Private/Language/locallang.xlf:tx_sdbadminer.flexformEdit.fieldtype.sel.1</numIndex>
																<numIndex index="1">1</numIndex>
														</numIndex>
														<numIndex index="2" type="array">
																<numIndex index="0">LLL:EXT:sdb_adminer/Resources/Private/Language/locallang.xlf:tx_sdbadminer.flexformEdit.fieldtype.sel.2</numIndex>
																<numIndex index="1">2</numIndex>
														</numIndex>
														<numIndex index="3" type="array">
																<numIndex index="0">LLL:EXT:sdb_adminer/Resources/Private/Language/locallang.xlf:tx_sdbadminer.flexformEdit.fieldtype.sel.3</numIndex>
																<numIndex index="1">3</numIndex>
														</numIndex>
														<numIndex index="4" type="array">
																<numIndex index="0">LLL:EXT:sdb_adminer/Resources/Private/Language/locallang.xlf:tx_sdbadminer.flexformEdit.fieldtype.sel.4</numIndex>
																<numIndex index="1">4</numIndex>
														</numIndex>
														<numIndex index="5" type="array">
																<numIndex index="0">LLL:EXT:sdb_adminer/Resources/Private/Language/locallang.xlf:tx_sdbadminer.flexformEdit.fieldtype.sel.5</numIndex>
																<numIndex index="1">5</numIndex>
														</numIndex>
														<numIndex index="6" type="array">
																<numIndex index="0">LLL:EXT:sdb_adminer/Resources/Private/Language/locallang.xlf:tx_sdbadminer.flexformEdit.fieldtype.sel.6</numIndex>
																<numIndex index="1">6</numIndex>
														</numIndex>
														<numIndex index="7" type="array">
																<numIndex index="0">LLL:EXT:sdb_adminer/Resources/Private/Language/locallang.xlf:tx_sdbadminer.flexformEdit.fieldtype.sel.7</numIndex>
																<numIndex index="1">7</numIndex>
														</numIndex>
												</items>
										</config>
								</TCEforms>
							</settings.fieldtype.4>
							<settings.selector.4>
								<TCEforms>
										<label>LLL:EXT:sdb_adminer/Resources/Private/Language/locallang.xlf:tx_sdbadminer.flexformEdit.fieldname.4</label>
										<displayCond>
											<AND>
												<numIndex index="0">FIELD:settings.formtype:=:1</numIndex>
												<numIndex index="1">FIELD:settings.tablename:REQ:true</numIndex>
												<numIndex index="2">FIELD:settings.fieldtype.1:REQ:true</numIndex>
												<numIndex index="3">FIELD:settings.fieldtype.2:REQ:true</numIndex>
												<numIndex index="4">FIELD:settings.fieldtype.3:REQ:true</numIndex>
												<numIndex index="5">FIELD:settings.fieldtype.4:REQ:true</numIndex>
											</AND>
										</displayCond>
										<config>
												<type>select</type>
												<itemsProcFunc>tx_sdbadminer_addFieldsToFlexForm->addOptions_fieldnames_choosen</itemsProcFunc>
										</config>
								</TCEforms>
							</settings.selector.4>
							<settings.options.4>
								<TCEforms>
										<label>LLL:EXT:sdb_adminer/Resources/Private/Language/locallang.xlf:tx_sdbadminer.flexformEdit.options.4</label>
										<displayCond>
											<AND>
												<numIndex index="0">FIELD:settings.formtype:=:1</numIndex>
												<numIndex index="1">FIELD:settings.tablename:REQ:true</numIndex>
												<numIndex index="2">FIELD:settings.fieldtype.1:REQ:true</numIndex>
												<numIndex index="4">FIELD:settings.fieldtype.2:REQ:true</numIndex>
												<numIndex index="6">FIELD:settings.fieldtype.3:REQ:true</numIndex>
												<numIndex index="8">FIELD:settings.fieldtype.4:REQ:true</numIndex>
												<numIndex index="9"><![CDATA[FIELD:settings.fieldtype.4:<=:4]]></numIndex>
											</AND>
										</displayCond>
										<config>
												<type>input</type>
												<size>50</size>
												<default> 0:Wahl... ; 1:Wert-1 ; 2:Wert-2</default>
										</config>
								</TCEforms>
							</settings.options.4>
							<settings.fieldtype.5>
								<TCEforms>
										<label>LLL:EXT:sdb_adminer/Resources/Private/Language/locallang.xlf:tx_sdbadminer.flexformEdit.fieldtype.titel.5</label>
										<onChange>reload</onChange>
										<displayCond>
											<AND>
												<numIndex index="0">FIELD:settings.formtype:=:1</numIndex>
												<numIndex index="1">FIELD:settings.tablename:REQ:true</numIndex>
												<numIndex index="2">FIELD:settings.fieldtype.1:REQ:true</numIndex>
												<numIndex index="3">FIELD:settings.fieldtype.2:REQ:true</numIndex>
												<numIndex index="4">FIELD:settings.fieldtype.3:REQ:true</numIndex>
												<numIndex index="5">FIELD:settings.fieldtype.4:REQ:true</numIndex>
											</AND>
										</displayCond>
										<config>
												<type>select</type>
												<items type="array">
														<numIndex index="0" type="array">
																<numIndex index="0">LLL:EXT:sdb_adminer/Resources/Private/Language/locallang.xlf:tx_sdbadminer.flexformEdit.fieldtype.sel.0</numIndex>
																<numIndex index="1">0</numIndex>
														</numIndex>
														<numIndex index="1" type="array">
																<numIndex index="0">LLL:EXT:sdb_adminer/Resources/Private/Language/locallang.xlf:tx_sdbadminer.flexformEdit.fieldtype.sel.1</numIndex>
																<numIndex index="1">1</numIndex>
														</numIndex>
														<numIndex index="2" type="array">
																<numIndex index="0">LLL:EXT:sdb_adminer/Resources/Private/Language/locallang.xlf:tx_sdbadminer.flexformEdit.fieldtype.sel.2</numIndex>
																<numIndex index="1">2</numIndex>
														</numIndex>
														<numIndex index="3" type="array">
																<numIndex index="0">LLL:EXT:sdb_adminer/Resources/Private/Language/locallang.xlf:tx_sdbadminer.flexformEdit.fieldtype.sel.3</numIndex>
																<numIndex index="1">3</numIndex>
														</numIndex>
														<numIndex index="4" type="array">
																<numIndex index="0">LLL:EXT:sdb_adminer/Resources/Private/Language/locallang.xlf:tx_sdbadminer.flexformEdit.fieldtype.sel.4</numIndex>
																<numIndex index="1">4</numIndex>
														</numIndex>
														<numIndex index="5" type="array">
																<numIndex index="0">LLL:EXT:sdb_adminer/Resources/Private/Language/locallang.xlf:tx_sdbadminer.flexformEdit.fieldtype.sel.5</numIndex>
																<numIndex index="1">5</numIndex>
														</numIndex>
														<numIndex index="6" type="array">
																<numIndex index="0">LLL:EXT:sdb_adminer/Resources/Private/Language/locallang.xlf:tx_sdbadminer.flexformEdit.fieldtype.sel.6</numIndex>
																<numIndex index="1">6</numIndex>
														</numIndex>
														<numIndex index="7" type="array">
																<numIndex index="0">LLL:EXT:sdb_adminer/Resources/Private/Language/locallang.xlf:tx_sdbadminer.flexformEdit.fieldtype.sel.7</numIndex>
																<numIndex index="1">7</numIndex>
														</numIndex>
												</items>
										</config>
								</TCEforms>
							</settings.fieldtype.5>
							<settings.selector.5>
								<TCEforms>
										<label>LLL:EXT:sdb_adminer/Resources/Private/Language/locallang.xlf:tx_sdbadminer.flexformEdit.fieldname.5</label>
										<displayCond>
											<AND>
												<numIndex index="0">FIELD:settings.formtype:=:1</numIndex>
												<numIndex index="1">FIELD:settings.tablename:REQ:true</numIndex>
												<numIndex index="2">FIELD:settings.fieldtype.1:REQ:true</numIndex>
												<numIndex index="3">FIELD:settings.fieldtype.2:REQ:true</numIndex>
												<numIndex index="4">FIELD:settings.fieldtype.3:REQ:true</numIndex>
												<numIndex index="5">FIELD:settings.fieldtype.4:REQ:true</numIndex>
												<numIndex index="6">FIELD:settings.fieldtype.5:REQ:true</numIndex>
											</AND>
										</displayCond>
										<config>
												<type>select</type>
												<itemsProcFunc>tx_sdbadminer_addFieldsToFlexForm->addOptions_fieldnames_choosen</itemsProcFunc>
										</config>
								</TCEforms>
							</settings.selector.5>
							<settings.options.5>
								<TCEforms>
										<label>LLL:EXT:sdb_adminer/Resources/Private/Language/locallang.xlf:tx_sdbadminer.flexformEdit.options.5</label>
										<displayCond>
											<AND>
												<numIndex index="0">FIELD:settings.formtype:=:1</numIndex>
												<numIndex index="1">FIELD:settings.tablename:REQ:true</numIndex>
												<numIndex index="2">FIELD:settings.fieldtype.1:REQ:true</numIndex>
												<numIndex index="4">FIELD:settings.fieldtype.2:REQ:true</numIndex>
												<numIndex index="6">FIELD:settings.fieldtype.3:REQ:true</numIndex>
												<numIndex index="8">FIELD:settings.fieldtype.4:REQ:true</numIndex>
												<numIndex index="10">FIELD:settings.fieldtype.5:REQ:true</numIndex>
												<numIndex index="11"><![CDATA[FIELD:settings.fieldtype.5:<=:4]]></numIndex>
											</AND>
										</displayCond>
										<config>
												<type>input</type>
												<size>50</size>
												<default> 0:Wahl... ; 1:Wert-1 ; 2:Wert-2</default>
										</config>
								</TCEforms>
							</settings.options.5>
							<settings.topage>
								<TCEforms>
										<label>LLL:EXT:sdb_adminer/Resources/Private/Language/locallang.xlf:tx_sdbadminer.flexformEdit.topage</label>
										<displayCond>
											<AND>
												<numIndex index="0">FIELD:settings.formtype:=:1</numIndex>
												<numIndex index="1">FIELD:settings.tablename:REQ:true</numIndex>
											</AND>
										</displayCond>
										<config>
											<type>group</type>
											<internal_type>db</internal_type>
											<allowed>tt_content</allowed>
											<size>1</size>
											<maxitems>1</maxitems>
											<minitems>0</minitems>
											<show_thumbs>0</show_thumbs>
										</config>
								</TCEforms>
							</settings.topage>
						</el>
                     </ROOT>
                </sDEF>
                <additionaloptions>
                     <ROOT>
						<TCEforms>
								<sheetTitle>LLL:EXT:sdb_adminer/Resources/Private/Language/locallang.xlf:tx_sdbadminer.flexformEdit.sheet.2</sheetTitle>
								<sheetDescription>LLL:EXT:sdb_adminer/Resources/Private/Language/locallang.xlf:tx_sdbadminer.flexformEdit.sheet_description.2</sheetDescription>
								<sheetShortDescr>LLL:EXT:sdb_adminer/Resources/Private/Language/locallang.xlf:tx_sdbadminer.flexformEdit.sheet_shortdescription.2</sheetShortDescr>
						</TCEforms>
						<type>array</type>
						<el>
							<settings.addnewbutton>
								<TCEforms>
										<label>LLL:EXT:sdb_adminer/Resources/Private/Language/locallang.xlf:tx_sdbadminer.flexformEdit.addnewbutton</label>
										<config>
												<type>select</type>
												<default>2</default>
												<items type="array">
														<numIndex index="3" type="array">
																<numIndex index="0">LLL:EXT:sdb_adminer/Resources/Private/Language/locallang.xlf:tx_sdbadminer.flexformEdit.addnewbutton.sel.3</numIndex>
																<numIndex index="1">3</numIndex>
														</numIndex>
														<numIndex index="2" type="array">
																<numIndex index="0">LLL:EXT:sdb_adminer/Resources/Private/Language/locallang.xlf:tx_sdbadminer.flexformEdit.addnewbutton.sel.2</numIndex>
																<numIndex index="1">2</numIndex>
														</numIndex>
														<numIndex index="1" type="array">
																<numIndex index="0">LLL:EXT:sdb_adminer/Resources/Private/Language/locallang.xlf:tx_sdbadminer.flexformEdit.addnewbutton.sel.1</numIndex>
																<numIndex index="1">1</numIndex>
														</numIndex>
														<numIndex index="0" type="array">
																<numIndex index="0">LLL:EXT:sdb_adminer/Resources/Private/Language/locallang.xlf:tx_sdbadminer.flexformEdit.addnewbutton.sel.0</numIndex>
																<numIndex index="1">0</numIndex>
														</numIndex>
												</items>
										</config>
								</TCEforms>
							</settings.addnewbutton>
							<settings.startasnew>
								<TCEforms>
										<label>LLL:EXT:sdb_adminer/Resources/Private/Language/locallang.xlf:tx_sdbadminer.flexform.startasnew</label>
										<config>
												<type>check</type>
												<value>1</value>
										</config>
								</TCEforms>
							</settings.startasnew>
							<settings.catchtofield.1>
								<TCEforms>
										<label>LLL:EXT:sdb_adminer/Resources/Private/Language/locallang.xlf:tx_sdbadminer.flexformEdit.catchtofield</label>
										<onChange>reload</onChange>
										<config>
												<type>select</type>
												<items type="array">
														<numIndex index="0" type="array">
																<numIndex index="0">...</numIndex>
																<numIndex index="1">0</numIndex>
														</numIndex>
												</items>
												<itemsProcFunc>tx_sdbadminer_addFieldsToFlexForm->addOptions_fieldnames_ifnot_mn_table</itemsProcFunc>
										</config>
								</TCEforms>
							</settings.catchtofield.1>
							<settings.catchfromfield.1>
								<TCEforms>
										<label>LLL:EXT:sdb_adminer/Resources/Private/Language/locallang.xlf:tx_sdbadminer.flexformEdit.catchfromfield</label>
										<displayCond>FIELD:settings.catchtofield.1:REQ:true</displayCond>
										<config>
												<type>input</type>
												<size>50</size>
												<default></default>
										</config>
								</TCEforms>
							</settings.catchfromfield.1>
							<settings.catchtofield.2>
								<TCEforms>
										<label>LLL:EXT:sdb_adminer/Resources/Private/Language/locallang.xlf:tx_sdbadminer.flexformEdit.catchtofield</label>
										<onChange>reload</onChange>
										<displayCond>FIELD:settings.catchtofield.1:REQ:true</displayCond>
										<config>
												<type>select</type>
												<items type="array">
														<numIndex index="0" type="array">
																<numIndex index="0">...</numIndex>
																<numIndex index="1">0</numIndex>
														</numIndex>
												</items>
												<itemsProcFunc>tx_sdbadminer_addFieldsToFlexForm->addOptions_fieldnames_ifnot_mn_table</itemsProcFunc>
										</config>
								</TCEforms>
							</settings.catchtofield.2>
							<settings.catchfromfield.2>
								<TCEforms>
										<label>LLL:EXT:sdb_adminer/Resources/Private/Language/locallang.xlf:tx_sdbadminer.flexformEdit.catchfromfield</label>
										<displayCond>
											<AND>
												<numIndex index="0">FIELD:settings.catchtofield.1:REQ:true</numIndex>
												<numIndex index="1">FIELD:settings.catchtofield.2:REQ:true</numIndex>
											</AND>
										</displayCond>
										<config>
												<type>input</type>
												<size>50</size>
												<default></default>
										</config>
								</TCEforms>
							</settings.catchfromfield.2>
							<settings.catchtofield.3>
								<TCEforms>
										<label>LLL:EXT:sdb_adminer/Resources/Private/Language/locallang.xlf:tx_sdbadminer.flexformEdit.catchtofield</label>
										<onChange>reload</onChange>
										<displayCond>
											<AND>
												<numIndex index="0">FIELD:settings.catchtofield.1:REQ:true</numIndex>
												<numIndex index="1">FIELD:settings.catchtofield.2:REQ:true</numIndex>
											</AND>
										</displayCond>
										<config>
												<type>select</type>
												<items type="array">
														<numIndex index="0" type="array">
																<numIndex index="0">...</numIndex>
																<numIndex index="1">0</numIndex>
														</numIndex>
												</items>
												<itemsProcFunc>tx_sdbadminer_addFieldsToFlexForm->addOptions_fieldnames_ifnot_mn_table</itemsProcFunc>
										</config>
								</TCEforms>
							</settings.catchtofield.3>
							<settings.catchfromfield.3>
								<TCEforms>
										<label>LLL:EXT:sdb_adminer/Resources/Private/Language/locallang.xlf:tx_sdbadminer.flexformEdit.catchfromfield</label>
										<displayCond>
											<AND>
												<numIndex index="0">FIELD:settings.catchtofield.1:REQ:true</numIndex>
												<numIndex index="1">FIELD:settings.catchtofield.2:REQ:true</numIndex>
												<numIndex index="2">FIELD:settings.catchtofield.3:REQ:true</numIndex>
											</AND>
										</displayCond>
										<config>
												<type>input</type>
												<size>50</size>
												<default></default>
										</config>
								</TCEforms>
							</settings.catchfromfield.3>
							<settings.catchtofield.4>
								<TCEforms>
										<label>LLL:EXT:sdb_adminer/Resources/Private/Language/locallang.xlf:tx_sdbadminer.flexformEdit.catchtofield</label>
										<onChange>reload</onChange>
										<displayCond>
											<AND>
												<numIndex index="0">FIELD:settings.catchtofield.1:REQ:true</numIndex>
												<numIndex index="1">FIELD:settings.catchtofield.2:REQ:true</numIndex>
												<numIndex index="2">FIELD:settings.catchtofield.3:REQ:true</numIndex>
											</AND>
										</displayCond>
										<config>
												<type>select</type>
												<items type="array">
														<numIndex index="0" type="array">
																<numIndex index="0">...</numIndex>
																<numIndex index="1">0</numIndex>
														</numIndex>
												</items>
												<itemsProcFunc>tx_sdbadminer_addFieldsToFlexForm->addOptions_fieldnames_ifnot_mn_table</itemsProcFunc>
										</config>
								</TCEforms>
							</settings.catchtofield.4>
							<settings.catchfromfield.4>
								<TCEforms>
										<label>LLL:EXT:sdb_adminer/Resources/Private/Language/locallang.xlf:tx_sdbadminer.flexformEdit.catchfromfield</label>
										<displayCond>
											<AND>
												<numIndex index="0">FIELD:settings.catchtofield.1:REQ:true</numIndex>
												<numIndex index="1">FIELD:settings.catchtofield.2:REQ:true</numIndex>
												<numIndex index="2">FIELD:settings.catchtofield.3:REQ:true</numIndex>
												<numIndex index="3">FIELD:settings.catchtofield.4:REQ:true</numIndex>
											</AND>
										</displayCond>
										<config>
												<type>input</type>
												<size>50</size>
												<default></default>
										</config>
								</TCEforms>
							</settings.catchfromfield.4>
							<settings.catchtofield.5>
								<TCEforms>
										<label>LLL:EXT:sdb_adminer/Resources/Private/Language/locallang.xlf:tx_sdbadminer.flexformEdit.catchtofield</label>
										<onChange>reload</onChange>
										<displayCond>
											<AND>
												<numIndex index="0">FIELD:settings.catchtofield.1:REQ:true</numIndex>
												<numIndex index="1">FIELD:settings.catchtofield.2:REQ:true</numIndex>
												<numIndex index="2">FIELD:settings.catchtofield.3:REQ:true</numIndex>
												<numIndex index="3">FIELD:settings.catchtofield.4:REQ:true</numIndex>
											</AND>
										</displayCond>
										<config>
												<type>select</type>
												<items type="array">
														<numIndex index="0" type="array">
																<numIndex index="0">...</numIndex>
																<numIndex index="1">0</numIndex>
														</numIndex>
												</items>
												<itemsProcFunc>tx_sdbadminer_addFieldsToFlexForm->addOptions_fieldnames_ifnot_mn_table</itemsProcFunc>
										</config>
								</TCEforms>
							</settings.catchtofield.5>
							<settings.catchfromfield.5>
								<TCEforms>
										<label>LLL:EXT:sdb_adminer/Resources/Private/Language/locallang.xlf:tx_sdbadminer.flexformEdit.catchfromfield</label>
										<displayCond>
											<AND>
												<numIndex index="0">FIELD:settings.catchtofield.1:REQ:true</numIndex>
												<numIndex index="1">FIELD:settings.catchtofield.2:REQ:true</numIndex>
												<numIndex index="2">FIELD:settings.catchtofield.3:REQ:true</numIndex>
												<numIndex index="3">FIELD:settings.catchtofield.4:REQ:true</numIndex>
												<numIndex index="4">FIELD:settings.catchtofield.5:REQ:true</numIndex>
											</AND>
										</displayCond>
										<config>
												<type>input</type>
												<size>50</size>
												<default></default>
										</config>
								</TCEforms>
							</settings.catchfromfield.5>
							<settings.catchtofield.6>
								<TCEforms>
										<label>LLL:EXT:sdb_adminer/Resources/Private/Language/locallang.xlf:tx_sdbadminer.flexformEdit.catchtofield</label>
										<onChange>reload</onChange>
										<displayCond>
											<AND>
												<numIndex index="0">FIELD:settings.catchtofield.1:REQ:true</numIndex>
												<numIndex index="1">FIELD:settings.catchtofield.2:REQ:true</numIndex>
												<numIndex index="2">FIELD:settings.catchtofield.3:REQ:true</numIndex>
												<numIndex index="3">FIELD:settings.catchtofield.4:REQ:true</numIndex>
												<numIndex index="4">FIELD:settings.catchtofield.5:REQ:true</numIndex>
											</AND>
										</displayCond>
										<config>
												<type>select</type>
												<items type="array">
														<numIndex index="0" type="array">
																<numIndex index="0">...</numIndex>
																<numIndex index="1">0</numIndex>
														</numIndex>
												</items>
												<itemsProcFunc>tx_sdbadminer_addFieldsToFlexForm->addOptions_fieldnames_ifnot_mn_table</itemsProcFunc>
										</config>
								</TCEforms>
							</settings.catchtofield.6>
							<settings.catchfromfield.6>
								<TCEforms>
										<label>LLL:EXT:sdb_adminer/Resources/Private/Language/locallang.xlf:tx_sdbadminer.flexformEdit.catchfromfield</label>
										<displayCond>
											<AND>
												<numIndex index="0">FIELD:settings.catchtofield.1:REQ:true</numIndex>
												<numIndex index="1">FIELD:settings.catchtofield.2:REQ:true</numIndex>
												<numIndex index="2">FIELD:settings.catchtofield.3:REQ:true</numIndex>
												<numIndex index="3">FIELD:settings.catchtofield.4:REQ:true</numIndex>
												<numIndex index="4">FIELD:settings.catchtofield.5:REQ:true</numIndex>
												<numIndex index="5">FIELD:settings.catchtofield.6:REQ:true</numIndex>
											</AND>
										</displayCond>
										<config>
												<type>input</type>
												<size>50</size>
												<default></default>
										</config>
								</TCEforms>
							</settings.catchfromfield.6>
						</el>
                     </ROOT>
                </additionaloptions>
                <restrictions>
                     <ROOT>
						<TCEforms>
								<sheetTitle>LLL:EXT:sdb_adminer/Resources/Private/Language/locallang.xlf:tx_sdbadminer.flexformEdit.sheet.3</sheetTitle>
								<sheetDescription>LLL:EXT:sdb_adminer/Resources/Private/Language/locallang.xlf:tx_sdbadminer.flexformEdit.sheet_description.3</sheetDescription>
								<sheetShortDescr>LLL:EXT:sdb_adminer/Resources/Private/Language/locallang.xlf:tx_sdbadminer.flexformEdit.sheet_shortdescription.3</sheetShortDescr>
						</TCEforms>
						<type>array</type>
						<el>
							<settings.restrictfield.1>
								<TCEforms>
										<label>LLL:EXT:sdb_adminer/Resources/Private/Language/locallang.xlf:tx_sdbadminer.flexformEdit.restrictfield</label>
										<onChange>reload</onChange>
										<config>
												<type>select</type>
												<items type="array">
														<numIndex index="0" type="array">
																<numIndex index="0">...</numIndex>
																<numIndex index="1">0</numIndex>
														</numIndex>
												</items>
												<itemsProcFunc>tx_sdbadminer_addFieldsToFlexForm->addOptions_fieldnames_ifnot_mn_table</itemsProcFunc>
										</config>
								</TCEforms>
							</settings.restrictfield.1>
							<settings.restriction.1>
								<TCEforms>
										<label>LLL:EXT:sdb_adminer/Resources/Private/Language/locallang.xlf:tx_sdbadminer.flexformEdit.restriction</label>
										<displayCond>FIELD:settings.restrictfield.1:REQ:true</displayCond>
										<config>
												<type>check</type>
												<items type="array">
														<numIndex index="0" type="array">
																<numIndex index="0">erfassen</numIndex>
																<numIndex index="1">0</numIndex>
														</numIndex>
														<numIndex index="1" type="array">
																<numIndex index="0">bearbeiten</numIndex>
																<numIndex index="1">1</numIndex>
														</numIndex>
														<numIndex index="2" type="array">
																<numIndex index="0">speichern</numIndex>
																<numIndex index="1">2</numIndex>
														</numIndex>
												</items>
												<cols>3</cols>
										</config>
								</TCEforms>
							</settings.restriction.1>
							<settings.condition.1>
								<TCEforms>
										<label>LLL:EXT:sdb_adminer/Resources/Private/Language/locallang.xlf:tx_sdbadminer.flexformEdit.condition</label>
										<displayCond>FIELD:settings.restrictfield.1:REQ:true</displayCond>
										<config>
												<type>input</type>
												<size>50</size>
										</config>
								</TCEforms>
							</settings.condition.1>
							<settings.restrictfield.2>
								<TCEforms>
										<label>LLL:EXT:sdb_adminer/Resources/Private/Language/locallang.xlf:tx_sdbadminer.flexformEdit.restrictfield</label>
										<displayCond>FIELD:settings.restrictfield.1:REQ:true</displayCond>
										<onChange>reload</onChange>
										<config>
												<type>select</type>
												<items type="array">
														<numIndex index="0" type="array">
																<numIndex index="0">...</numIndex>
																<numIndex index="1">0</numIndex>
														</numIndex>
												</items>
												<itemsProcFunc>tx_sdbadminer_addFieldsToFlexForm->addOptions_fieldnames_ifnot_mn_table</itemsProcFunc>
										</config>
								</TCEforms>
							</settings.restrictfield.2>
							<settings.restriction.2>
								<TCEforms>
										<label>LLL:EXT:sdb_adminer/Resources/Private/Language/locallang.xlf:tx_sdbadminer.flexformEdit.restriction</label>
										<displayCond>
											<AND>
												<numIndex index="0">FIELD:settings.restrictfield.1:REQ:true</numIndex>
												<numIndex index="1">FIELD:settings.restrictfield.2:REQ:true</numIndex>
											</AND>
										</displayCond>
										<config>
												<type>check</type>
												<items type="array">
														<numIndex index="0" type="array">
																<numIndex index="0">erfassen</numIndex>
																<numIndex index="1">0</numIndex>
														</numIndex>
														<numIndex index="1" type="array">
																<numIndex index="0">bearbeiten</numIndex>
																<numIndex index="1">1</numIndex>
														</numIndex>
														<numIndex index="2" type="array">
																<numIndex index="0">speichern</numIndex>
																<numIndex index="1">2</numIndex>
														</numIndex>
												</items>
												<cols>3</cols>
										</config>
								</TCEforms>
							</settings.restriction.2>
							<settings.condition.2>
								<TCEforms>
										<label>LLL:EXT:sdb_adminer/Resources/Private/Language/locallang.xlf:tx_sdbadminer.flexformEdit.condition</label>
										<displayCond>
											<AND>
												<numIndex index="0">FIELD:settings.restrictfield.1:REQ:true</numIndex>
												<numIndex index="1">FIELD:settings.restrictfield.2:REQ:true</numIndex>
											</AND>
										</displayCond>
										<config>
												<type>input</type>
												<size>50</size>
										</config>
								</TCEforms>
							</settings.condition.2>
							<settings.restrictfield.3>
								<TCEforms>
										<label>LLL:EXT:sdb_adminer/Resources/Private/Language/locallang.xlf:tx_sdbadminer.flexformEdit.restrictfield</label>
										<displayCond>
											<AND>
												<numIndex index="0">FIELD:settings.restrictfield.1:REQ:true</numIndex>
												<numIndex index="1">FIELD:settings.restrictfield.2:REQ:true</numIndex>
											</AND>
										</displayCond>
										<onChange>reload</onChange>
										<config>
												<type>select</type>
												<items type="array">
														<numIndex index="0" type="array">
																<numIndex index="0">...</numIndex>
																<numIndex index="1">0</numIndex>
														</numIndex>
												</items>
												<itemsProcFunc>tx_sdbadminer_addFieldsToFlexForm->addOptions_fieldnames_ifnot_mn_table</itemsProcFunc>
										</config>
								</TCEforms>
							</settings.restrictfield.3>
							<settings.restriction.3>
								<TCEforms>
										<label>LLL:EXT:sdb_adminer/Resources/Private/Language/locallang.xlf:tx_sdbadminer.flexformEdit.restriction</label>
										<displayCond>
											<AND>
												<numIndex index="0">FIELD:settings.restrictfield.1:REQ:true</numIndex>
												<numIndex index="1">FIELD:settings.restrictfield.2:REQ:true</numIndex>
												<numIndex index="2">FIELD:settings.restrictfield.3:REQ:true</numIndex>
											</AND>
										</displayCond>
										<config>
												<type>check</type>
												<items type="array">
														<numIndex index="0" type="array">
																<numIndex index="0">erfassen</numIndex>
																<numIndex index="1">0</numIndex>
														</numIndex>
														<numIndex index="1" type="array">
																<numIndex index="0">bearbeiten</numIndex>
																<numIndex index="1">1</numIndex>
														</numIndex>
														<numIndex index="2" type="array">
																<numIndex index="0">speichern</numIndex>
																<numIndex index="1">2</numIndex>
														</numIndex>
												</items>
												<cols>3</cols>
										</config>
								</TCEforms>
							</settings.restriction.3>
							<settings.condition.3>
								<TCEforms>
										<label>LLL:EXT:sdb_adminer/Resources/Private/Language/locallang.xlf:tx_sdbadminer.flexformEdit.condition</label>
										<displayCond>
											<AND>
												<numIndex index="0">FIELD:settings.restrictfield.1:REQ:true</numIndex>
												<numIndex index="1">FIELD:settings.restrictfield.2:REQ:true</numIndex>
												<numIndex index="2">FIELD:settings.restrictfield.3:REQ:true</numIndex>
											</AND>
										</displayCond>
										<config>
												<type>input</type>
												<size>50</size>
										</config>
								</TCEforms>
							</settings.condition.3>
							<settings.restrictfield.4>
								<TCEforms>
										<label>LLL:EXT:sdb_adminer/Resources/Private/Language/locallang.xlf:tx_sdbadminer.flexformEdit.restrictfield</label>
										<displayCond>
											<AND>
												<numIndex index="0">FIELD:settings.restrictfield.1:REQ:true</numIndex>
												<numIndex index="1">FIELD:settings.restrictfield.2:REQ:true</numIndex>
												<numIndex index="2">FIELD:settings.restrictfield.3:REQ:true</numIndex>
											</AND>
										</displayCond>
										<onChange>reload</onChange>
										<config>
												<type>select</type>
												<items type="array">
														<numIndex index="0" type="array">
																<numIndex index="0">...</numIndex>
																<numIndex index="1">0</numIndex>
														</numIndex>
												</items>
												<itemsProcFunc>tx_sdbadminer_addFieldsToFlexForm->addOptions_fieldnames_ifnot_mn_table</itemsProcFunc>
										</config>
								</TCEforms>
							</settings.restrictfield.4>
							<settings.restriction.4>
								<TCEforms>
										<label>LLL:EXT:sdb_adminer/Resources/Private/Language/locallang.xlf:tx_sdbadminer.flexformEdit.restriction</label>
										<displayCond>
											<AND>
												<numIndex index="0">FIELD:settings.restrictfield.1:REQ:true</numIndex>
												<numIndex index="1">FIELD:settings.restrictfield.2:REQ:true</numIndex>
												<numIndex index="2">FIELD:settings.restrictfield.3:REQ:true</numIndex>
												<numIndex index="3">FIELD:settings.restrictfield.4:REQ:true</numIndex>
											</AND>
										</displayCond>
										<config>
												<type>check</type>
												<items type="array">
														<numIndex index="0" type="array">
																<numIndex index="0">erfassen</numIndex>
																<numIndex index="1">0</numIndex>
														</numIndex>
														<numIndex index="1" type="array">
																<numIndex index="0">bearbeiten</numIndex>
																<numIndex index="1">1</numIndex>
														</numIndex>
														<numIndex index="2" type="array">
																<numIndex index="0">speichern</numIndex>
																<numIndex index="1">2</numIndex>
														</numIndex>
												</items>
												<cols>3</cols>
										</config>
								</TCEforms>
							</settings.restriction.4>
							<settings.condition.4>
								<TCEforms>
										<label>LLL:EXT:sdb_adminer/Resources/Private/Language/locallang.xlf:tx_sdbadminer.flexformEdit.condition</label>
										<displayCond>
											<AND>
												<numIndex index="0">FIELD:settings.restrictfield.1:REQ:true</numIndex>
												<numIndex index="1">FIELD:settings.restrictfield.2:REQ:true</numIndex>
												<numIndex index="2">FIELD:settings.restrictfield.3:REQ:true</numIndex>
												<numIndex index="3">FIELD:settings.restrictfield.4:REQ:true</numIndex>
											</AND>
										</displayCond>
										<config>
												<type>input</type>
												<size>50</size>
										</config>
								</TCEforms>
							</settings.condition.4>
							<settings.restrictfield.5>
								<TCEforms>
										<label>LLL:EXT:sdb_adminer/Resources/Private/Language/locallang.xlf:tx_sdbadminer.flexformEdit.restrictfield</label>
										<displayCond>
											<AND>
												<numIndex index="0">FIELD:settings.restrictfield.1:REQ:true</numIndex>
												<numIndex index="1">FIELD:settings.restrictfield.2:REQ:true</numIndex>
												<numIndex index="2">FIELD:settings.restrictfield.3:REQ:true</numIndex>
												<numIndex index="3">FIELD:settings.restrictfield.4:REQ:true</numIndex>
											</AND>
										</displayCond>
										<onChange>reload</onChange>
										<config>
												<type>select</type>
												<items type="array">
														<numIndex index="0" type="array">
																<numIndex index="0">...</numIndex>
																<numIndex index="1">0</numIndex>
														</numIndex>
												</items>
												<itemsProcFunc>tx_sdbadminer_addFieldsToFlexForm->addOptions_fieldnames_ifnot_mn_table</itemsProcFunc>
										</config>
								</TCEforms>
							</settings.restrictfield.5>
							<settings.restriction.5>
								<TCEforms>
										<label>LLL:EXT:sdb_adminer/Resources/Private/Language/locallang.xlf:tx_sdbadminer.flexformEdit.restriction</label>
										<displayCond>
											<AND>
												<numIndex index="0">FIELD:settings.restrictfield.1:REQ:true</numIndex>
												<numIndex index="1">FIELD:settings.restrictfield.2:REQ:true</numIndex>
												<numIndex index="2">FIELD:settings.restrictfield.3:REQ:true</numIndex>
												<numIndex index="3">FIELD:settings.restrictfield.4:REQ:true</numIndex>
												<numIndex index="4">FIELD:settings.restrictfield.5:REQ:true</numIndex>
											</AND>
										</displayCond>
										<config>
												<type>check</type>
												<items type="array">
														<numIndex index="0" type="array">
																<numIndex index="0">erfassen</numIndex>
																<numIndex index="1">0</numIndex>
														</numIndex>
														<numIndex index="1" type="array">
																<numIndex index="0">bearbeiten</numIndex>
																<numIndex index="1">1</numIndex>
														</numIndex>
														<numIndex index="2" type="array">
																<numIndex index="0">speichern</numIndex>
																<numIndex index="1">2</numIndex>
														</numIndex>
												</items>
												<cols>3</cols>
										</config>
								</TCEforms>
							</settings.restriction.5>
							<settings.condition.5>
								<TCEforms>
										<label>LLL:EXT:sdb_adminer/Resources/Private/Language/locallang.xlf:tx_sdbadminer.flexformEdit.condition</label>
										<displayCond>
											<AND>
												<numIndex index="0">FIELD:settings.restrictfield.1:REQ:true</numIndex>
												<numIndex index="1">FIELD:settings.restrictfield.2:REQ:true</numIndex>
												<numIndex index="2">FIELD:settings.restrictfield.3:REQ:true</numIndex>
												<numIndex index="3">FIELD:settings.restrictfield.4:REQ:true</numIndex>
												<numIndex index="4">FIELD:settings.restrictfield.5:REQ:true</numIndex>
											</AND>
										</displayCond>
										<config>
												<type>input</type>
												<size>50</size>
										</config>
								</TCEforms>
							</settings.condition.5>
							<settings.restrictfield.6>
								<TCEforms>
										<label>LLL:EXT:sdb_adminer/Resources/Private/Language/locallang.xlf:tx_sdbadminer.flexformEdit.restrictfield</label>
										<displayCond>
											<AND>
												<numIndex index="0">FIELD:settings.restrictfield.1:REQ:true</numIndex>
												<numIndex index="1">FIELD:settings.restrictfield.2:REQ:true</numIndex>
												<numIndex index="2">FIELD:settings.restrictfield.3:REQ:true</numIndex>
												<numIndex index="3">FIELD:settings.restrictfield.4:REQ:true</numIndex>
												<numIndex index="4">FIELD:settings.restrictfield.5:REQ:true</numIndex>
											</AND>
										</displayCond>
										<onChange>reload</onChange>
										<config>
												<type>select</type>
												<items type="array">
														<numIndex index="0" type="array">
																<numIndex index="0">...</numIndex>
																<numIndex index="1">0</numIndex>
														</numIndex>
												</items>
												<itemsProcFunc>tx_sdbadminer_addFieldsToFlexForm->addOptions_fieldnames_ifnot_mn_table</itemsProcFunc>
										</config>
								</TCEforms>
							</settings.restrictfield.6>
							<settings.restriction.6>
								<TCEforms>
										<label>LLL:EXT:sdb_adminer/Resources/Private/Language/locallang.xlf:tx_sdbadminer.flexformEdit.restriction</label>
										<displayCond>
											<AND>
												<numIndex index="0">FIELD:settings.restrictfield.1:REQ:true</numIndex>
												<numIndex index="1">FIELD:settings.restrictfield.2:REQ:true</numIndex>
												<numIndex index="2">FIELD:settings.restrictfield.3:REQ:true</numIndex>
												<numIndex index="3">FIELD:settings.restrictfield.4:REQ:true</numIndex>
												<numIndex index="4">FIELD:settings.restrictfield.5:REQ:true</numIndex>
												<numIndex index="5">FIELD:settings.restrictfield.6:REQ:true</numIndex>
											</AND>
										</displayCond>
										<config>
												<type>check</type>
												<items type="array">
														<numIndex index="0" type="array">
																<numIndex index="0">erfassen</numIndex>
																<numIndex index="1">0</numIndex>
														</numIndex>
														<numIndex index="1" type="array">
																<numIndex index="0">bearbeiten</numIndex>
																<numIndex index="1">1</numIndex>
														</numIndex>
														<numIndex index="2" type="array">
																<numIndex index="0">speichern</numIndex>
																<numIndex index="1">2</numIndex>
														</numIndex>
												</items>
												<cols>3</cols>
										</config>
								</TCEforms>
							</settings.restriction.6>
							<settings.condition.6>
								<TCEforms>
										<label>LLL:EXT:sdb_adminer/Resources/Private/Language/locallang.xlf:tx_sdbadminer.flexformEdit.condition</label>
										<displayCond>
											<AND>
												<numIndex index="0">FIELD:settings.restrictfield.1:REQ:true</numIndex>
												<numIndex index="1">FIELD:settings.restrictfield.2:REQ:true</numIndex>
												<numIndex index="2">FIELD:settings.restrictfield.3:REQ:true</numIndex>
												<numIndex index="3">FIELD:settings.restrictfield.4:REQ:true</numIndex>
												<numIndex index="4">FIELD:settings.restrictfield.5:REQ:true</numIndex>
												<numIndex index="5">FIELD:settings.restrictfield.6:REQ:true</numIndex>
											</AND>
										</displayCond>
										<config>
												<type>input</type>
												<size>50</size>
										</config>
								</TCEforms>
							</settings.condition.6>
							<settings.restrictedit>
								<TCEforms>
										<label>LLL:EXT:sdb_adminer/Resources/Private/Language/locallang.xlf:tx_sdbadminer.flexformEdit.record_restrict_edit</label>
										<config>
												<type>input</type>
												<size>50</size>
										</config>
								</TCEforms>
							</settings.restrictedit>
							<settings.restrictdelete>
								<TCEforms>
										<label>LLL:EXT:sdb_adminer/Resources/Private/Language/locallang.xlf:tx_sdbadminer.flexformEdit.record_restrict_delete</label>
										<config>
												<type>input</type>
												<size>50</size>
										</config>
								</TCEforms>
							</settings.restrictdelete>
							<settings.usergroup>
								<TCEforms>
										<label>LLL:EXT:sdb_adminer/Resources/Private/Language/locallang.xlf:tx_sdbadminer.flexformEdit.usergroup</label>
										<config>
												<type>group</type>
												<internal_type>db</internal_type>
												<allowed>fe_groups</allowed>
										</config>
								</TCEforms>
							</settings.usergroup>
						</el>
                     </ROOT>
                </restrictions>
                <additionalcss>
                     <ROOT>
						<TCEforms>
								<sheetTitle>LLL:EXT:sdb_adminer/Resources/Private/Language/locallang.xlf:tx_sdbadminer.flexformEdit.sheet.4</sheetTitle>
								<sheetDescription>LLL:EXT:sdb_adminer/Resources/Private/Language/locallang.xlf:tx_sdbadminer.flexformEdit.sheet_description.4</sheetDescription>
								<sheetShortDescr>LLL:EXT:sdb_adminer/Resources/Private/Language/locallang.xlf:tx_sdbadminer.flexformEdit.sheet_shortdescription.4</sheetShortDescr>
						</TCEforms>
						<type>array</type>
						<el>
							<settings.css>
								<TCEforms>
										<label>LLL:EXT:sdb_adminer/Resources/Private/Language/locallang.xlf:tx_sdbadminer.flexform.css</label>
										<config>
												<type>text</type>
												<cols>40</cols>
												<rows>10</rows>
										</config>
								</TCEforms>
							</settings.css>
							<settings.debugprint>
								<TCEforms>
										<label>LLL:EXT:sdb_adminer/Resources/Private/Language/locallang.xlf:tx_sdbadminer.flexform.debug</label>
										<config>
												<type>check</type>
												<value>1</value>
										</config>
								</TCEforms>
							</settings.debugprint>
						</el>
                     </ROOT>
                </additionalcss>
        </sheets>
</T3DataStructure>
