<T3DataStructure>
        <meta>
                <langDisable>1</langDisable>
        </meta>
        <sheets>
                <sDEF>
					<ROOT>
						<TCEforms>
								<sheetTitle>LLL:EXT:sdb_adminer/Resources/Private/Language/locallang.xlf:tx_sdbadminer.flexform.sheet.1</sheetTitle>
								<sheetDescription>LLL:EXT:sdb_adminer/Resources/Private/Language/locallang.xlf:tx_sdbadminer.flexform.sheet_description.1</sheetDescription>
								<sheetShortDescr>LLL:EXT:sdb_adminer/Resources/Private/Language/locallang.xlf:tx_sdbadminer.flexform.sheet_shortdescription.1</sheetShortDescr>
						</TCEforms>
						<type>array</type>
						<el>
							<settings.dbname>
								<TCEforms>
										<label>LLL:EXT:sdb_adminer/Resources/Private/Language/locallang.xlf:tx_sdbadminer.flexform.dbname</label>
										<onChange>reload</onChange>
										<config>
												<type>select</type>
												<itemsProcFunc>tx_sdbadminer_addFieldsToFlexForm->addOptions_dbnames</itemsProcFunc>
										</config>
								</TCEforms>
							</settings.dbname>
						</el>
                     </ROOT>
                </sDEF>
        </sheets>
</T3DataStructure> 
