<T3DataStructure>
    <sheets>
	<sDEF>
	    <ROOT>
		<TCEforms>
			<sheetTitle>Funktion</sheetTitle>
		</TCEforms>
		<type>array</type>
		<el>
		    <switchableControllerActions>
			<TCEforms>
			    <label>Funktion waehlen</label>
			    <config>
				    <type>select</type>
				    <items>
					    <numIndex index="0">
						    <numIndex index="0">Fachbereich</numIndex>
						    <numIndex index="1">Fachbereich->list;Fachbereich->new;Fachbereich->create;Fachbereich->edit;Fachbereich->update;Fachbereich->delete</numIndex>
					    </numIndex>
					    <numIndex index="1">
						    <numIndex index="0">Kurzklasse</numIndex>
						    <numIndex index="1">Kurzklasse->list;Kurzklasse->new;Kurzklasse->create;Kurzklasse->edit;Kurzklasse->update;Kurzklasse->delete</numIndex>
					    </numIndex>
					    <numIndex index="2">
						    <numIndex index="0">CloudQuota</numIndex>
						    <numIndex index="1">Cloudquota->list;Cloudquota->new;Cloudquota->create;Cloudquota->edit;Cloudquota->update;Cloudquota->delete</numIndex>
					    </numIndex>
					    <numIndex index="3">
						    <numIndex index="0">Upload</numIndex>
						    <numIndex index="1">Fachbereich->upload;Fachbereich->done;Fachbereich->downloads</numIndex>
					    </numIndex>
					    <numIndex index="4">
						    <numIndex index="0">Downloads</numIndex>
						    <numIndex index="1">Fachbereich->downloads;Fachbereich->done;Fachbereich->upload</numIndex>
					    </numIndex>
				    </items>
			    </config>
			</TCEforms>
		    </switchableControllerActions>
		</el>
	    </ROOT>
	</sDEF>
    </sheets>
</T3DataStructure>
