<T3DataStructure>
    <sheets>
	<sDEF>
	    <ROOT>
		<TCEforms>
			<sheetTitle>Funktion</sheetTitle>
		</TCEforms>
		<type>array</type>
		<el>
		    <switchableControllerActions>
			<TCEforms>
			    <label>Funktion waehlen</label>
			    <config>
				    <type>select</type>
				    <items>
					    <numIndex index="0">
						    <numIndex index="0">Display Daten bearbeiten</numIndex>
						    <numIndex index="1">Info->editor;Info->display;Info->update;Info->list</numIndex>
					    </numIndex>
					    <numIndex index="1">
						    <numIndex index="0">Display anzeigen</numIndex>
						    <numIndex index="1">Info->display;</numIndex>
					    </numIndex>
				    </items>
			    </config>
			</TCEforms>
		    </switchableControllerActions>
		</el>
	    </ROOT>
	</sDEF>
    </sheets>
</T3DataStructure>
